cluster_id,cliente_id
5,1019
5,1025
5,1032
5,1035
0,1043
5,1049
5,1053
5,1113
5,1121
5,1128
5,1147
5,1151
5,1161
5,1169
0,1177
3,1193
4,1196
5,1202
5,1205
5,1210
5,1218
0,1232
5,1233
5,1250
5,1280
5,1303
5,1313
5,1315
5,1323
5,1324
5,1341
0,1348
5,1351
5,1352
5,1372
5,1381
5,1402
5,1403
0,1404
5,1408
5,1421
5,1444
0,1447
5,1455
5,1457
5,1480
3,1486
5,1494
5,1496
0,1497
5,1505
4,1523
5,1529
5,1543
5,1552
4,1575
5,1581
5,1591
4,1597
5,1598
5,1609
5,1617
4,1630
4,1637
5,1645
0,1648
5,1652
5,1653
3,1665
5,1672
5,1688
5,1692
5,1694
3,1853
5,1978
5,2003
5,2023
5,2061
5,2076
5,2088
3,2098
4,2101
5,2105
2,2132
5,2157
5,2181
5,2183
5,2186
4,2190
4,2192
5,2199
5,2204
5,2247
3,2252
0,2267
5,2270
5,2271
4,2279
5,2305
3,2308
5,2423
5,2459
1,2484
5,2523
0,3001
3,3003
5,3016
5,4063
5,4065
5,4067
5,4110
5,4127
5,4349
0,4350
3,5018
0,5022
1,5037
5,5072
5,5277
3,5295
5,5299
3,6000
5,6007
5,6041
5,6042
1,6053
5,6062
1,6077
3,6079
0,6089
0,6110
5,6144
5,6145
0,6163
5,6168
5,6169
5,6174
5,6180
5,6181
5,6185
0,6189
5,6216
5,6249
0,6295
5,6470
5,6475
3,6503
5,6506
0,6508
5,6511
0,6515
5,6522
5,6533
5,6542
0,6553
3,6559
5,6561
5,6567
0,6588
5,6593
5,6595
5,6597
5,6648
5,7028
3,7034
3,7035
5,7046
5,7068
0,7073
5,7078
5,7115
3,7136
0,7141
5,7147
5,7165
4,7179
5,7184
5,7201
0,7219
5,7224
0,7243
5,7331
5,7335
1,7340
3,7451
0,7486
5,7526
5,7531
5,7551
5,7575
0,7593
5,7595
5,7598
5,7606
3,7622
5,7628
5,7629
5,7657
0,7667
5,7677
5,7701
3,7702
5,7707
5,7715
5,7721
5,7722
5,7751
5,7762
5,7763
5,7777
0,7778
5,7791
0,7804
0,7806
3,8060
0,8063
5,8163
5,8183
5,8203
5,8222
0,8227
5,8573
3,8955
5,8983
5,10004
0,10005
5,10018
5,10292
5,11001
5,12024
5,12025
5,12057
5,12089
5,12106
3,12197
2,12564
3,12566
5,12584
5,12585
5,12586
0,12595
5,12607
5,12612
5,12618
5,13197
5,13244
3,14023
5,14030
5,14047
5,14055
3,14064
0,14079
5,14086
5,14104
5,14155
0,14165
5,14169
5,14177
0,14182
5,14186
5,16011
5,24051
5,60169
5,60224
5,60241
5,60256
5,78000
5,78001
5,78002
5,78003
5,78005
5,78008
5,78009
5,78011
5,78012
0,78013
5,78014
5,78017
5,78018
5,78019
0,78020
5,78021
5,78022
5,78023
5,78024
5,78025
5,78026
0,78028
5,78030
5,78033
5,78034
5,78035
5,78036
5,78037
5,78038
5,78040
5,78041
5,78043
5,78044
5,78048
5,78049
0,78050
5,78051
5,78052
5,78053
5,78054
5,78055
5,78057
5,78058
5,78059
5,78060
5,78062
5,78063
5,78064
1,78065
5,78066
5,78067
5,78069
5,78070
5,78071
5,78073
5,78074
5,78075
5,78076
5,78077
5,78078
5,78079
5,78080
5,78081
5,78082
5,78083
5,78084
5,78086
5,78087
5,78088
5,78089
5,78090
5,78091
5,78092
0,78093
5,78094
5,78095
0,78096
5,78097
5,78099
0,78100
3,78102
5,78103
5,78104
5,78105
5,78107
5,78108
5,78109
5,78110
5,78113
5,78114
5,78116
5,78117
5,78118
5,78121
2,78122
5,78123
5,78125
5,78126
5,78127
5,78128
3,78129
5,78130
5,78131
5,78133
5,78134
5,78136
5,78137
5,78138
5,78139
5,78140
5,78141
5,78142
5,78144
5,78145
5,78147
5,78148
5,78150
5,78151
5,78154
3,78155
5,78157
5,78159
5,78162
5,78163
5,78164
5,78165
5,78166
5,78167
5,78168
5,78170
5,78171
5,78173
5,78174
5,78175
5,78176
0,78177
5,78178
5,78179
5,78180
5,78181
5,78184
5,78185
5,78186
5,78187
5,78188
5,78190
5,78191
5,78192
5,78193
5,78194
0,78195
5,78196
5,78197
5,78198
5,78202
5,78203
5,78204
5,78205
5,78206
1,78208
5,78209
5,78210
5,78212
5,78213
5,78214
5,78215
5,78216
5,78217
0,78218
5,78219
5,78220
0,78221
0,78222
5,78223
5,78226
5,78227
5,78228
0,78229
5,78230
5,78231
5,78234
5,78235
5,78236
5,78237
5,78240
5,78242
0,78244
5,78247
0,78248
5,78250
5,78251
5,78253
5,78255
5,78256
5,78257
5,78258
5,78261
5,78265
5,78266
5,78267
5,78268
5,78269
5,78270
1,78272
5,78273
5,78276
5,78277
5,78282
0,78283
5,78284
5,78287
5,78288
5,78289
5,78290
5,78293
5,78294
5,78300
5,78301
5,78302
5,78304
5,78305
5,78309
5,78311
5,78316
5,78317
5,78318
5,78319
5,78320
5,78321
5,78323
5,78324
5,78325
5,78326
5,78327
5,78328
5,78330
5,78331
0,78332
5,78333
5,78334
0,78335
5,78336
5,78341
5,78342
5,78343
5,78344
5,78346
5,78347
5,78348
5,78349
5,78350
5,78352
0,78353
5,78354
4,78355
5,78356
5,78357
5,78359
5,78360
5,78361
5,78363
5,78364
5,78365
5,78367
5,78370
5,78371
5,78375
5,78377
5,78379
5,78380
5,78381
5,78382
5,78383
5,78385
5,78387
5,78388
2,78389
5,78390
5,78392
5,78393
5,78395
5,78396
0,78398
5,78400
0,78401
5,78404
5,78406
5,78407
5,78409
5,78412
5,78414
5,78416
5,78418
5,78419
5,78420
5,78422
5,78423
5,78426
5,78427
5,78429
5,78430
5,78431
5,78432
5,78434
5,78436
5,78437
5,78438
0,78439
5,78441
5,78442
5,78443
0,78448
5,78449
0,78450
5,78451
5,78452
0,78453
5,78454
5,78458
5,78459
0,78463
5,78464
5,78465
5,78466
5,78468
0,78469
5,78470
5,78473
5,78474
5,78475
5,78478
5,78479
5,78480
5,78481
0,78482
5,78483
0,78486
5,78487
5,78488
0,78491
5,78494
5,78496
5,78497
5,78503
5,78504
5,78505
5,78506
5,78507
5,78508
5,78513
5,78514
5,78515
5,78517
5,78519
5,78520
5,78522
5,78523
5,78525
5,78526
5,78527
5,78528
5,78529
5,78530
5,78533
5,78534
5,78536
5,78537
5,78538
5,78539
5,78540
5,78541
5,78542
5,78544
5,78545
5,78546
5,78548
5,78549
5,78552
5,78553
5,78558
5,78559
5,78560
5,78561
5,78562
5,78563
5,78564
5,78565
0,78566
5,78567
5,78568
5,78569
5,78570
5,78571
5,78576
5,78578
5,78579
5,78580
5,78583
3,78584
3,78585
0,78586
5,78587
5,78588
5,78589
5,78590
4,78591
5,78593
5,78595
5,78596
5,78597
5,78598
5,78600
3,78601
5,78602
5,78603
5,78604
5,78605
4,78611
5,78615
5,78620
5,78624
5,78625
5,78626
5,78628
5,78629
5,78631
5,78634
5,78636
5,78642
5,78643
5,78644
5,78645
5,78648
5,78649
5,78651
5,78652
5,78654
5,78658
0,78664
5,78665
5,78666
5,78667
5,78669
5,78670
5,78672
0,78673
5,78674
5,78677
0,78679
5,78681
5,78682
5,78683
5,78684
5,78687
5,78688
5,78690
5,78691
5,78693
5,78694
5,78695
5,78697
5,78698
5,78699
5,78702
5,78703
0,78704
5,78707
5,78709
5,78710
5,78712
5,78714
5,78715
5,78716
5,78718
5,78719
5,78722
5,78723
0,78725
5,78727
5,78728
5,78729
5,78730
0,78731
5,78732
5,78733
5,78736
5,78738
1,78739
5,78740
5,78741
5,78742
3,78743
3,78747
0,78748
5,78749
5,78750
5,78752
5,78753
5,78754
5,78755
5,78756
5,78757
5,78760
3,78762
3,78763
5,78764
5,78767
5,78768
5,78769
5,78770
0,78773
5,78775
5,78776
5,78777
5,78778
5,78780
5,78781
5,78785
5,78788
5,78789
5,78790
5,78791
5,78793
5,78795
3,78796
5,78797
5,78799
5,78801
3,78802
5,78803
5,78805
5,78810
5,78811
5,78812
5,78813
5,78814
5,78815
0,78817
5,78820
5,78821
5,78822
5,78823
5,78824
2,78827
0,78830
5,78831
5,78832
5,78833
5,78834
5,78835
5,78837
5,78838
5,78840
5,78841
5,78843
5,78844
5,78845
5,78847
5,78849
5,78850
5,78853
5,78854
5,78855
5,78856
3,78858
5,78860
5,78862
5,78863
5,78866
5,78867
0,78868
5,78869
5,78870
1,78872
5,78873
5,78877
5,78879
5,78881
5,78882
5,78883
5,78884
5,78885
5,78887
5,78890
5,78891
5,78893
5,78895
5,78898
5,78899
5,78900
0,78901
0,78902
0,78903
5,78906
5,78907
5,78909
5,78910
5,78911
5,78914
1,78916
5,78917
5,78918
5,78920
5,78921
5,78923
5,78927
5,78928
5,78930
5,78932
5,78933
5,78934
5,78935
5,78937
5,78938
4,78939
1,78942
5,78944
0,78945
5,78946
0,78947
5,78948
5,78950
1,78951
0,78953
5,78956
5,78961
5,78962
5,78963
5,78965
5,78967
5,78968
5,78969
5,78970
5,78971
5,78972
5,78975
5,78976
5,78977
5,78981
5,78982
5,78983
5,78985
5,78986
0,78987
5,78988
5,78989
5,78991
5,78993
5,78994
5,78995
5,78996
5,78998
5,78999
5,79000
5,79001
5,79002
5,79003
5,79004
5,79007
5,79008
5,79013
5,79015
0,79017
5,79018
0,79019
5,79020
5,79022
2,79023
0,79024
5,79026
5,79028
5,79029
5,79030
1,79031
5,79033
5,79034
5,79037
5,79038
5,79040
4,79041
5,79043
5,79045
5,79046
5,79049
5,79050
5,79051
5,79052
5,79053
5,79055
5,79056
5,79058
5,79061
5,79064
5,79065
5,79066
5,79067
5,79068
5,79069
5,79071
5,79074
5,79078
5,79079
5,79080
5,79081
5,79083
5,79086
5,79087
5,79088
0,79090
5,79092
0,79093
5,79095
5,79097
5,79099
2,79101
5,79102
5,79104
5,79110
5,79113
3,79114
5,79115
5,79116
5,79117
5,79118
5,79120
5,79121
5,79123
0,79127
0,79129
5,79130
5,79131
5,79132
1,79133
5,79137
5,79139
5,79140
5,79141
5,79142
4,79145
5,79146
5,79147
5,79150
5,79151
0,79152
5,79153
5,79155
5,79156
5,79157
5,79159
0,79160
5,79163
0,79164
5,79166
5,79168
0,79170
5,79172
5,79173
5,79175
5,79176
5,79177
5,79178
5,79179
5,79180
5,79181
5,79182
5,79183
5,79184
5,79186
5,79187
4,79188
5,79189
0,79192
5,79193
5,79194
5,79198
5,79199
5,79200
5,79201
1,79202
5,79203
5,79204
4,79205
5,79206
5,79207
5,79208
5,79209
0,79210
0,79211
2,79217
0,79221
5,79225
5,79231
5,79236
3,79237
5,79238
5,79246
5,79253
5,79263
5,79266
5,79268
5,79278
5,79280
5,79284
5,79293
5,79295
5,79297
5,79303
5,79304
5,79306
0,79316
5,79321
5,79324
0,79325
0,79328
0,79331
5,79332
5,79340
5,79345
5,79346
5,79347
5,79352
5,79354
0,79355
5,79357
0,79361
5,79362
5,79374
5,79375
5,79377
3,79378
4,79379
5,79384
5,79392
5,79395
5,79400
5,79401
5,79402
5,79404
5,79410
5,79411
5,79416
5,79417
5,79418
4,79419
5,79426
1,79435
5,79437
5,79438
5,79442
5,79450
5,79451
5,79457
3,79462
5,79465
3,79466
5,79467
5,79477
0,79480
5,79481
1,79483
4,79486
5,79487
3,79488
5,79491
5,79492
3,79495
0,79497
5,79498
5,79500
5,79505
5,79506
5,79510
5,79514
5,79518
5,79527
0,79529
4,79531
5,79536
5,79543
5,79544
5,79545
5,79547
5,79549
5,79550
3,79551
5,79552
5,79553
5,79558
5,79559
5,79561
5,79562
5,79563
0,79565
5,79568
5,79576
0,79580
5,79585
5,79587
5,79589
0,79593
0,79594
5,79595
5,79598
5,79601
5,79604
5,79607
0,79609
5,79610
0,79614
5,79616
5,79621
5,79630
0,79631
5,79633
5,79634
5,79640
5,79644
5,79647
5,79648
5,79649
5,79653
5,79654
3,79655
0,79660
5,79662
5,79663
3,79667
5,79671
5,79673
3,79674
3,79686
0,79687
5,79689
5,79693
5,79694
5,79695
5,79697
5,79699
5,79701
5,79703
5,79720
5,79721
5,79726
5,79727
5,79729
5,79730
5,79735
5,79736
5,79740
4,79742
5,79743
5,79750
2,79754
5,79755
3,79757
5,79762
5,79763
3,79764
5,79766
4,79769
1,79772
0,79774
0,79775
5,79783
0,79786
5,79787
4,79789
5,79793
5,79797
5,79802
0,79803
0,79807
0,79812
5,79815
5,79818
4,79819
5,79821
3,79827
5,79828
5,79831
5,79835
5,79836
5,79839
0,79843
2,79844
5,79845
5,79851
1,79854
5,79856
0,79859
3,79863
5,79864
5,79873
5,79874
5,79877
5,79881
5,79888
5,79890
5,79898
3,79907
3,79908
3,79909
5,79912
4,79915
5,79916
5,79920
1,79921
0,79931
0,79932
0,79933
5,79934
5,79936
0,79940
5,79942
0,79945
5,79948
5,79951
0,79953
5,79956
5,79964
0,79965
5,79970
5,79979
5,79980
1,79981
5,79988
5,79991
5,80004
5,80005
5,80009
0,80018
1,80022
0,80024
5,80025
5,80026
4,80027
5,80028
4,80030
5,80033
5,80035
4,80036
0,80038
0,80039
0,80042
0,80044
0,80045
5,80046
0,80048
5,80053
4,80058
5,80060
5,80061
5,80063
5,80066
5,80067
5,80072
5,80075
5,80079
5,80082
5,80083
5,80085
5,80087
5,80093
0,80095
5,80100
0,80106
0,80108
5,80120
5,80123
5,80129
5,80130
5,80135
5,80137
5,80139
5,80141
5,80144
0,80147
0,80153
0,80156
5,80157
5,80162
0,80164
5,80171
5,80173
5,80176
5,80177
5,80179
0,80180
0,80183
5,80187
5,80188
5,80190
0,80192
5,80194
5,80197
5,80198
5,80201
1,80202
5,80205
5,80208
0,80210
5,80212
5,80219
5,80222
0,80225
5,80229
5,80230
0,80231
5,80240
5,80241
5,80243
5,80249
5,80250
5,80251
5,80252
5,80255
5,80257
5,80258
2,80259
5,80261
5,80271
5,80279
5,80284
5,80285
5,80287
5,80288
5,80290
0,80298
5,80300
0,80301
5,80302
3,80303
5,80305
5,80306
0,80307
3,80308
3,80310
0,80312
3,80315
3,80317
0,80318
5,80321
5,80327
5,80335
5,80336
5,80340
5,80343
5,80346
5,80347
5,80351
5,80355
5,80356
5,80359
0,80361
1,80363
5,80368
0,80375
0,80377
0,80379
1,80380
5,80388
3,80389
1,80390
0,80392
3,80393
3,80396
3,80401
4,80404
0,80405
0,80407
5,80408
5,80416
5,80417
0,80418
0,80419
5,80424
0,80429
5,80433
5,80434
5,80435
5,80436
3,80440
5,80441
5,80443
5,80445
0,80447
5,80451
5,80452
0,80453
0,80455
5,80457
3,80460
5,80464
5,80467
5,80468
5,80470
5,80471
5,80473
5,80474
5,80478
1,80479
5,80480
5,80483
5,80484
5,80485
4,80489
3,80495
5,80497
5,80498
5,80499
5,80508
5,80511
2,80512
5,80513
5,80514
5,80516
5,80517
3,80520
5,80524
5,80527
5,80532
5,80538
0,80540
5,80541
2,80544
3,80546
5,80550
5,80551
3,80555
5,80557
5,80559
0,80561
5,80566
5,80568
5,80570
5,80572
5,80574
5,80578
0,80581
0,80582
0,80584
1,80586
2,80589
5,80592
5,80594
5,80598
5,80599
5,80601
0,80604
5,80607
5,80608
0,80612
5,80614
5,80615
5,80619
5,80621
5,80622
5,80623
5,80627
5,80630
5,80631
5,80632
2,80633
5,80636
3,80637
5,80640
5,80647
5,80648
5,80653
5,80659
3,80661
5,80667
5,80670
5,80671
5,80673
5,80674
5,80680
5,80683
5,80687
1,80689
5,80694
5,80699
5,80706
0,80710
5,80713
5,80715
5,80720
5,80722
0,80725
5,80729
5,80730
5,80732
5,80733
0,80734
5,80735
5,80736
5,80739
0,80741
0,80747
5,80748
5,80749
1,80751
5,80752
0,80753
0,80754
5,80756
5,80764
5,80769
5,80772
5,80773
5,80777
5,80779
5,80781
5,80786
5,80787
5,80789
5,80792
5,80793
5,80794
5,80797
4,80798
0,80801
5,80805
5,80808
5,80809
5,80813
5,80815
5,80816
5,80818
5,80820
0,80828
5,80829
5,80832
5,80834
5,80841
5,80846
5,80852
5,80853
5,80854
5,80861
5,80863
5,80864
5,80865
0,80867
5,80870
5,80871
3,80872
3,80873
0,80875
5,80876
5,80877
5,80881
5,80882
5,80883
1,80886
5,80893
3,80894
0,80897
5,80899
5,80905
5,80910
2,80911
1,80912
5,80916
5,80917
0,80918
5,80922
0,80923
5,80924
5,80925
5,80926
5,80929
3,80930
5,80933
5,80935
5,80936
5,80940
5,80944
5,80948
5,80951
1,80952
0,80955
5,80956
0,80963
5,80966
5,80973
5,80975
5,80977
5,80978
0,80979
0,80980
5,80985
3,80988
0,80992
5,80994
5,80997
5,80999
5,81002
0,81003
3,81014
5,81021
5,81023
5,81025
5,81034
5,81036
5,81039
5,81043
3,81045
5,81046
5,81054
5,81056
5,81062
5,81063
5,81064
5,81066
5,81069
5,81071
5,81074
3,81077
5,81079
5,81084
5,81087
5,81088
5,81089
5,81093
5,81094
5,81103
5,81105
3,81107
2,81110
5,81115
0,81121
5,81123
5,81125
5,81127
5,81128
5,81129
5,81131
5,81132
3,81135
5,81136
5,81138
5,81140
5,81142
0,81144
5,81149
0,81150
3,81151
5,81154
0,81160
5,81162
4,81167
5,81171
5,81172
4,81173
5,81176
5,81178
5,81182
4,81188
5,81194
5,81198
5,81201
5,81203
0,81205
3,81207
3,81208
5,81216
5,81218
5,81219
5,81223
5,81224
5,81228
5,81230
5,81231
5,81232
0,81235
5,81238
5,81239
5,81242
5,81243
5,81245
5,81247
5,81248
5,81251
5,81252
1,81253
5,81254
5,81255
0,81261
5,81262
5,81263
5,81266
5,81272
5,81274
5,81275
5,81277
5,81279
0,81280
5,81281
5,81283
5,81284
5,81285
5,81286
5,81287
5,81288
5,81290
5,81292
5,81293
1,81295
5,81296
5,81297
5,81298
5,81299
0,81301
5,81303
5,81304
5,81305
5,81306
5,81308
0,81310
5,81311
2,81312
5,81313
5,81314
0,81315
5,81317
5,81319
5,81323
5,81324
4,81325
0,81326
5,81327
5,81328
5,81329
5,81331
5,81332
5,81333
5,81336
5,81337
5,81338
0,81339
5,81343
5,81345
0,81349
5,81352
5,81353
5,81356
5,81358
0,81361
0,81363
5,81364
5,81365
5,81366
5,81367
5,81369
5,81371
5,81372
5,81373
5,81375
5,81376
5,81379
0,81380
5,81381
0,81389
0,81390
5,81391
5,81392
5,81394
5,81395
5,81396
5,81397
5,81398
5,81399
5,81401
5,81404
5,81405
5,81406
5,81412
5,81414
5,81415
5,81417
5,81418
5,81422
0,81423
5,81425
5,81426
5,81427
5,81428
3,81430
5,81431
5,81434
0,81439
5,81440
2,81441
5,81442
0,81445
5,81448
5,81450
5,81452
5,81456
5,81457
5,81458
5,81459
5,81460
5,81461
5,81462
5,81463
5,81464
0,81465
5,81467
5,81470
2,81473
0,81474
0,81475
3,81476
5,81478
5,81484
0,81487
5,81489
5,81490
5,81491
5,81492
5,81493
5,81496
5,81499
5,81500
5,81501
5,81504
5,81505
5,81506
5,81510
5,81511
5,81512
5,81514
5,81519
5,81520
5,81521
5,81523
5,81524
0,81527
5,81528
5,81531
0,81533
5,81534
5,81535
5,81536
5,81540
5,81541
5,81545
5,81546
5,81547
5,81550
5,81551
5,81552
5,81553
5,81554
5,81555
5,81557
5,81559
5,81560
5,81562
5,81563
5,81564
5,81568
0,81569
0,81570
5,81573
5,81574
5,81576
5,81577
5,81579
5,81580
5,81583
5,81584
5,81585
5,81586
5,81590
5,81591
5,81593
5,81594
5,81595
5,81597
5,81598
5,81599
0,81602
5,81604
0,81609
5,81610
5,81611
5,81616
5,81617
5,81619
5,81623
5,81625
5,81626
5,81629
5,81638
5,81641
5,81642
5,81643
5,81646
5,81648
5,81649
5,81651
5,81653
5,81656
5,81664
5,81667
5,81674
5,81676
5,81687
5,81697
5,81714
5,81719
5,81725
5,81729
5,81733
5,81750
5,81752
5,81761
5,81762
5,81764
5,81765
5,81768
5,81771
5,81779
5,81780
5,81789
5,81795
5,81815
5,81816
5,81819
5,81831
5,81832
5,81849
5,81854
5,81857
5,81869
5,81878
5,81882
5,81888
5,81889
5,81890
5,81893
5,81896
5,81897
5,81900
5,81901
5,81909
5,81910
5,81919
5,81921
5,81927
5,81932
5,81940
5,81944
5,81945
5,81946
5,81948
5,81952
5,81955
5,81965
5,81980
0,81981
0,81982
4,81991
5,81992
5,81993
5,81994
5,81995
5,82003
5,82005
5,82008
5,82013
5,82015
5,82016
5,82017
2,82019
5,82020
5,82024
5,82032
5,82036
5,82038
5,82039
1,82043
5,82044
0,82045
5,82050
5,82052
5,82060
5,82069
5,82080
5,82085
5,82086
5,82087
0,82092
0,82096
4,82104
5,82107
5,82109
5,82114
5,82116
5,82120
5,82125
5,82128
5,82131
5,82136
5,82147
5,82150
0,82152
2,82157
5,82158
5,82160
5,82167
5,82171
5,82177
5,82179
5,82180
5,82181
3,82191
5,82196
5,82197
5,82200
5,82206
5,82217
5,82219
5,82223
5,82224
5,82225
4,82227
5,82228
5,82229
5,82230
5,82232
5,82233
5,82241
5,82242
5,82245
0,82247
5,82254
5,82259
5,82260
5,82261
5,82262
5,82263
5,82265
5,82273
5,82275
5,82283
5,82284
0,82302
5,82306
0,82309
5,82317
5,82320
5,82325
0,82327
5,82332
5,82333
5,82334
5,82337
5,82345
5,82351
3,82360
5,82365
5,82383
5,82384
5,82387
5,82388
5,82390
5,82397
5,82401
5,82404
5,82412
5,82417
5,82419
5,82420
5,82421
5,82426
5,82428
5,82429
5,82430
5,82432
5,82434
5,82435
5,82441
5,82442
5,82444
5,82446
5,82449
5,82451
5,82454
5,82456
5,82457
5,82459
5,82462
0,82466
5,82467
5,82468
5,82469
5,82470
5,82471
5,82474
5,82476
5,82478
5,82481
2,82483
5,82485
5,82487
5,82489
5,82492
5,82497
5,82498
0,82500
5,82505
5,82507
5,82508
5,82509
5,82516
5,82520
0,82521
5,82525
5,82528
5,82529
5,82531
5,82534
5,82544
5,82545
5,82553
5,82555
5,82556
5,82558
5,82560
5,82565
5,82567
5,82569
5,82571
5,82575
5,82577
0,82588
5,82589
5,82593
5,82597
5,82601
5,82602
2,82604
5,82605
5,82607
5,82610
5,82611
4,82613
5,82616
5,82621
5,82622
5,82626
5,82628
5,82631
5,82636
1,82644
5,82647
0,82648
5,82668
5,82673
5,82683
5,82686
5,82688
2,82693
5,82694
5,82697
5,82699
4,82703
5,82704
5,82705
5,82710
5,82714
0,82715
5,82716
5,82727
5,82728
1,82731
5,82735
0,82737
5,82738
4,82741
0,82743
5,82749
5,82754
1,82763
4,82764
5,82765
5,82767
0,82768
5,82772
5,82776
5,82782
5,82786
5,82794
5,82804
5,82808
5,82809
5,82820
5,82824
5,82825
0,82838
5,82841
5,82842
1,82846
4,82848
3,82850
5,82852
5,82858
5,82865
5,82871
5,82872
5,82878
5,82879
5,82887
0,82891
5,82892
5,82894
5,82901
5,82902
5,82903
5,82904
5,82906
5,82912
5,82914
0,82928
5,82934
5,82940
5,82941
0,82944
5,82947
5,82953
5,82954
5,82962
5,82964
5,82966
5,82968
5,82978
5,82987
0,83002
5,83003
5,83016
5,83019
5,83022
3,83023
5,83030
5,83032
5,83036
0,83049
2,83055
5,83059
5,83061
0,83065
5,83068
5,83072
5,83074
5,83080
5,83085
5,83088
5,83091
5,83093
0,83100
5,83110
5,83115
5,83122
5,83125
5,83126
5,83133
5,83135
5,83145
0,83147
5,83148
5,83149
5,83152
5,83153
5,83155
5,83156
4,83157
3,83168
1,83171
5,83172
5,83174
5,83176
5,83178
5,83185
5,83189
5,83190
5,83191
3,83192
2,83195
5,83200
5,83201
5,83203
5,83206
5,83207
5,83210
5,83213
5,83221
5,83235
0,83238
5,83243
2,83244
5,83246
5,83251
3,83254
5,83257
0,83258
5,83262
5,83264
5,83270
0,83273
5,83274
5,83275
0,83276
5,83277
5,83278
5,83280
5,83282
5,83285
0,83286
0,83290
5,83292
5,83296
5,83300
5,83303
5,83304
5,83308
5,83314
5,83318
5,83319
5,83323
5,83331
0,83335
5,83336
5,83337
5,83338
0,83340
5,83350
5,83351
5,83352
0,83353
5,83356
5,83360
5,83363
5,83366
5,83367
5,83374
1,83380
5,83382
5,83384
5,83386
5,83387
5,83390
5,83395
5,83399
5,83404
5,83408
5,83422
5,83434
0,83436
5,83445
0,83451
0,83452
5,83454
5,83459
0,83460
5,83462
5,83463
5,83466
1,83473
5,83474
5,83475
5,83477
5,83486
5,83496
5,83498
5,83499
0,83500
3,83502
5,83503
5,83506
5,83513
5,83516
0,83523
5,83529
5,83535
5,83537
5,83539
5,83542
5,83546
5,83547
5,83550
5,83551
5,83553
5,83555
5,83557
0,83559
3,83566
5,83569
5,83571
5,83572
5,83575
5,83577
5,83579
5,83581
5,83582
5,83583
5,83585
5,83592
5,83595
5,83596
5,83602
5,83605
5,83606
5,83608
5,83610
5,83611
2,83613
5,83615
5,83616
5,83618
5,83620
5,83622
5,83623
3,83624
5,83629
5,83637
5,83638
5,83639
4,83640
5,83642
5,83646
5,83647
5,83650
5,83662
0,83665
5,83666
5,83667
5,83668
4,83670
5,83672
5,83673
0,83676
5,83677
5,83678
5,83679
5,83686
5,83691
0,83694
5,83696
5,83698
3,83703
5,83707
5,83712
5,83713
5,83716
5,83717
5,83718
5,83725
5,83731
5,83732
5,83733
5,83741
5,83742
5,83752
5,83753
5,83754
5,83757
5,83759
5,83761
5,83767
5,83771
5,83776
2,83777
5,83780
5,83782
0,83786
5,83797
5,83801
5,83802
5,83804
5,83805
5,83809
5,83811
5,83813
5,83821
5,83823
5,83824
5,83829
5,83836
0,83843
0,83852
5,83856
0,83862
5,83871
5,83872
5,83875
5,83880
5,83895
5,83901
5,83906
4,83908
5,83914
3,83919
5,83925
5,83930
5,83931
5,83942
5,83947
2,83948
5,83949
5,83950
5,83964
5,83967
1,83968
0,83971
5,83972
5,83979
0,83984
5,83985
5,83986
5,83991
5,83993
5,83995
0,84000
3,84001
0,84002
5,84005
5,84007
0,84008
0,84014
5,84016
5,84017
0,84021
5,84037
5,84042
5,84067
5,84076
5,84084
5,84085
5,84088
5,84091
5,84099
5,84104
5,84106
5,84113
5,84115
5,84117
5,84118
5,84123
0,84137
5,84139
0,84140
5,84142
0,84163
5,84169
5,84171
5,84172
5,84174
5,84175
5,84176
5,84177
5,84179
5,84180
5,84183
5,84185
5,84186
0,84188
5,84189
5,84193
0,84203
5,84208
5,84217
5,84221
5,84222
5,84227
5,84228
5,84230
5,84231
5,84236
5,84243
5,84249
5,84252
5,84253
5,84255
5,84258
5,84265
5,84273
5,84278
5,84281
0,84284
5,84286
5,84289
5,84291
5,84293
0,84297
5,84306
5,84307
5,84312
5,84319
5,84320
5,84326
5,84327
5,84333
5,84337
5,84346
5,84347
5,84348
0,84349
5,84352
5,84360
5,84362
5,84364
5,84365
5,84372
5,84373
5,84374
5,84375
5,84378
5,84379
5,84380
5,84382
3,84385
1,84386
5,84391
5,84392
5,84393
5,84397
5,84399
5,84400
0,84402
5,84412
5,84418
5,84419
5,84421
5,84435
5,84439
5,84444
5,84448
5,84456
5,84457
5,84459
5,84466
5,84467
5,84468
5,84470
5,84480
5,84482
5,84485
5,84486
3,84489
5,84494
5,84496
5,84498
5,84499
5,84500
5,84502
5,84504
5,84509
5,84511
0,84515
0,84516
5,84522
5,84524
5,84529
5,84530
5,84535
3,84537
5,84538
5,84542
5,84559
5,84564
5,84566
5,84569
5,84574
5,84579
5,84580
5,84585
5,84586
5,84587
0,84588
5,84589
5,84591
5,84594
5,84596
5,84597
1,84598
4,84599
5,84602
5,84603
5,84608
5,84610
3,84611
5,84614
5,84618
5,84619
3,84620
5,84621
4,84623
5,84624
5,84627
5,84628
5,84629
5,84632
5,84633
5,84635
5,84636
5,84637
5,84638
5,84639
5,84640
5,84641
5,84642
5,84643
5,84644
5,84645
0,84646
5,84647
5,84648
5,84650
5,84654
5,84655
5,84656
5,84657
5,84659
5,84660
5,84662
5,84663
5,84664
5,84665
5,84666
5,84667
5,84668
5,84669
5,84670
5,84671
5,84672
5,84673
5,84674
5,84676
5,84677
5,84678
3,84679
5,84680
0,84681
5,84682
5,84684
5,84685
5,84686
0,84688
5,84689
5,84690
5,84691
5,84692
5,84693
5,84695
5,84697
5,84698
5,84700
5,84701
5,84702
5,84703
5,84705
0,84706
5,84707
5,84709
5,84710
5,84711
5,84712
5,84713
5,84714
5,84715
5,84716
0,84717
5,84718
5,84720
5,84721
5,84722
5,84723
5,84724
5,84725
5,84726
5,84727
5,84728
5,84729
5,84730
5,84731
5,84732
5,84734
5,84735
5,84736
5,84737
5,84738
5,84739
5,84741
5,84742
5,84743
5,84746
5,84747
5,84750
5,84751
5,84752
5,84753
5,84754
5,84755
5,84756
5,84757
5,84758
5,84759
5,84760
5,84761
5,84762
5,84763
5,84764
5,84766
5,84767
5,84768
5,84770
5,84771
5,84772
5,84773
5,84774
0,84775
5,84776
5,84777
5,84780
0,84781
5,84782
5,84784
5,84785
5,84786
5,84787
5,84788
5,84789
5,84790
5,84791
5,84792
5,84793
5,84794
5,84795
5,84796
5,84798
5,84799
5,84800
5,84801
5,84803
5,84804
5,84806
5,84807
5,84809
0,84811
5,84812
5,84813
5,84814
5,84815
5,84816
5,84817
5,84818
5,84819
5,84820
5,84821
5,84822
5,84823
5,84824
5,84825
5,84826
5,84827
5,84828
5,84829
5,84830
5,84831
0,84832
5,84833
5,84835
5,84836
5,84837
5,84839
0,84840
5,84843
5,84844
0,84845
5,84846
5,84847
5,84848
5,84849
5,84850
4,84851
5,84852
5,84854
5,84855
5,84856
5,84857
5,84859
5,84860
5,84862
5,84863
5,84864
5,84865
5,84866
5,84868
5,84870
5,84872
5,84875
5,84876
5,84877
5,84878
5,84879
5,84880
5,84881
5,84882
5,84883
5,84884
5,84885
5,84888
5,84889
5,84890
5,84891
5,84892
5,84893
5,84896
5,84897
5,84898
5,84899
5,84901
5,84902
5,84903
5,84904
5,84905
5,84906
5,84907
5,84908
5,84911
5,84913
5,84914
5,84915
5,84916
5,84918
5,84919
5,84920
5,84921
5,84922
5,84923
0,84924
5,84925
5,84926
0,84928
5,84929
5,84932
1,84933
5,84935
5,84936
5,84937
5,84939
5,84940
5,84941
5,84942
5,84944
5,84946
5,84947
5,84948
5,84952
5,84953
5,84954
5,84955
5,84956
5,84957
5,84958
5,84961
5,84962
5,84964
5,84966
5,84967
5,84968
3,84969
5,84972
5,84973
5,84975
5,84976
5,84977
5,84978
5,84979
5,84980
5,84981
5,84982
5,84983
5,84984
5,84985
5,84986
5,84987
0,84988
5,84989
1,84990
5,84991
0,84992
5,84994
5,84996
5,84997
5,84998
5,84999
5,85001
5,85003
5,85004
5,85006
5,85007
5,85008
5,85009
5,85010
5,85011
5,85012
5,85013
0,85015
5,85016
5,85018
5,85020
5,85021
5,85022
2,85023
5,85024
5,85025
5,85026
5,85027
0,85028
5,85029
5,85030
5,85031
5,85032
5,85033
5,85034
5,85035
5,85036
5,85037
5,85038
5,85039
0,85040
0,85041
5,85042
5,85045
5,85049
5,85052
5,85053
5,85054
5,85055
5,85056
5,85058
5,85059
5,85060
5,85061
5,85062
5,85063
5,85064
5,85065
5,85066
5,85067
0,85068
5,85069
5,85070
5,85071
5,85072
5,85073
5,85077
5,85078
5,85079
5,85080
5,85081
5,85082
5,85084
5,85085
0,85086
5,85087
3,85088
5,85089
5,85090
5,85093
5,85094
5,85095
0,85096
5,85097
5,85098
5,85099
5,85100
5,85102
3,85103
5,85104
0,85105
0,85106
5,85107
5,85108
5,85111
0,85112
5,85113
5,85114
5,85116
5,85117
5,85118
5,85119
5,85120
5,85121
5,85123
5,85125
5,85126
5,85127
5,85128
5,85133
5,85134
5,85136
5,85137
0,85138
3,85139
5,85140
5,85141
5,85142
5,85143
5,85144
5,85145
5,85146
5,85147
5,85149
3,85150
5,85152
5,85154
5,85155
5,85156
1,85157
0,85159
5,85160
5,85161
5,85162
5,85163
5,85165
5,85166
5,85167
5,85168
5,85169
5,85170
5,85171
5,85172
5,85173
5,85174
5,85175
5,85176
0,85177
5,85178
0,85179
5,85180
5,85181
5,85182
5,85183
5,85184
5,85185
5,85186
5,85187
5,85188
1,85190
5,85191
5,85192
5,85193
5,85194
5,85196
5,85197
5,85198
5,85199
5,85201
5,85202
5,85203
5,85204
5,85205
5,85206
5,85207
5,85208
4,85209
5,85210
5,85211
5,85212
5,85213
5,85214
5,85215
5,85217
5,85220
5,85221
5,85222
5,85224
5,85225
5,85226
5,85229
5,85230
5,85231
5,85232
5,85233
5,85234
5,85235
5,85236
5,85237
5,85238
5,85239
5,85241
5,85242
5,85243
5,85244
5,85245
5,85246
5,85247
5,85248
5,85249
5,85250
5,85251
5,85252
5,85253
5,85254
5,85255
5,85256
5,85257
5,85258
5,85259
5,85260
5,85261
5,85262
5,85263
5,85266
5,85267
5,85268
5,85270
5,85271
5,85272
5,85274
3,85276
5,85277
5,85278
5,85279
5,85280
5,85281
5,85282
5,85284
5,85285
5,85286
5,85287
5,85288
0,85291
5,85294
5,85295
5,85297
5,85298
5,85299
5,85301
5,85303
5,85304
4,85305
5,85306
5,85307
5,85309
5,85312
5,85313
5,85314
5,85315
5,85316
5,85317
5,85318
5,85319
5,85320
5,85321
5,85322
5,85324
5,85325
5,85327
5,85329
5,85330
5,85331
5,85332
3,85333
5,85334
5,85335
5,85336
5,85337
2,85338
0,85339
5,85340
5,85341
5,85342
5,85343
5,85344
5,85346
5,85347
5,85348
5,85349
5,85350
5,85351
5,85352
5,85353
5,85354
5,85355
5,85356
5,85357
5,85358
0,85359
5,85360
5,85361
5,85362
5,85363
5,85364
5,85365
5,85366
0,85367
3,85368
5,85369
5,85370
5,85371
5,85373
5,85374
0,85375
5,85376
5,85377
5,85378
5,85379
5,85380
5,85381
5,85382
5,85383
5,85384
5,85385
5,85386
5,85387
0,85388
5,85389
5,85390
5,85391
5,85392
5,85393
5,85394
5,85395
5,85396
5,85397
1,85398
5,85399
5,85400
0,85401
5,85402
5,85403
5,85404
5,85405
0,85406
0,85407
5,85408
5,85409
5,85410
5,85411
5,85412
5,85413
5,85415
5,85416
5,85417
5,85418
5,85420
5,85421
5,85422
5,85424
0,85427
5,85429
0,85430
4,85431
5,85433
5,85436
5,85437
5,85439
5,85440
5,85441
5,85442
5,85443
5,85445
5,85446
5,85447
5,85448
5,85449
5,85452
5,85453
5,85454
1,85455
5,85456
5,85457
5,85458
5,85459
0,85461
5,85462
0,85463
5,85464
5,85465
5,85466
5,85467
5,85468
5,85469
0,85470
5,85471
5,85474
5,85475
5,85476
5,85477
5,85478
5,85479
5,85480
5,85481
5,85482
5,85483
5,85484
5,85486
5,85487
5,85488
5,85489
0,85490
5,85491
5,85492
5,85493
5,85494
5,85495
5,85496
5,85497
5,85498
0,85499
5,85500
5,85501
0,85502
5,85503
5,85504
5,85505
5,85506
5,85507
3,85508
5,85509
5,85510
5,85511
5,85512
0,85513
5,85514
5,85515
5,85517
5,85518
5,85519
5,85520
5,85521
5,85522
5,85523
5,85524
5,85526
5,85527
5,85528
5,85530
5,85531
5,85532
5,85533
5,85534
5,85536
5,85537
5,85538
5,85539
5,85540
5,85541
5,85542
5,85543
5,85544
5,85545
5,85546
5,85547
5,85548
5,85549
5,85550
5,85551
0,85552
5,85553
5,85554
5,85555
5,85557
5,85558
5,85559
5,85560
5,85561
5,85562
1,85563
0,85564
0,85565
5,85566
5,85568
5,85569
5,85570
5,85571
5,85572
5,85573
5,85574
5,85575
5,85576
5,85577
5,85578
5,85579
5,85580
5,85581
0,85582
5,85583
5,85584
5,85585
5,85586
5,85587
5,85588
5,85589
5,85590
5,85591
5,85592
5,85594
5,85595
5,85596
5,85597
5,85598
5,85599
0,85600
5,85601
5,85603
5,85604
5,85605
5,85607
5,85611
5,85612
5,85613
0,85614
0,85615
5,85616
5,85617
5,85618
5,85619
5,85620
5,85621
5,85622
5,85623
5,85624
5,85625
5,85626
5,85627
5,85628
5,85629
5,85630
5,85633
5,85634
5,85635
5,85636
5,85637
5,85638
5,85639
5,85640
1,85641
5,85642
5,85644
0,85645
5,85646
5,85647
5,85649
5,85650
5,85651
1,85652
5,85653
5,85655
1,85657
0,85658
5,85660
5,85661
5,85662
5,85663
5,85664
5,85665
5,85666
3,85668
5,85670
5,85671
5,85672
5,85673
5,85675
5,85676
5,85677
0,85679
5,85680
5,85681
5,85683
5,85685
1,85687
5,85688
5,85689
5,85690
5,85691
5,85692
5,85693
5,85694
5,85695
5,85696
5,85697
5,85698
5,85699
5,85701
5,85702
1,85703
5,85704
5,85705
5,85706
5,85707
5,85708
5,85709
5,85710
5,85711
5,85712
5,85713
5,85714
5,85715
5,85717
5,85718
5,85719
5,85720
5,85721
0,85722
5,85723
5,85724
5,85725
5,85726
5,85728
0,85729
5,85730
5,85731
5,85732
1,85733
5,85734
5,85735
5,85736
4,85737
5,85740
5,85741
5,85742
5,85743
0,85744
1,85745
5,85746
5,85747
5,85748
5,85749
5,85750
5,85751
5,85752
5,85753
5,85754
0,85755
0,85756
5,85757
1,85758
1,85759
5,85760
5,85761
5,85762
5,85763
5,85764
5,85765
5,85766
5,85767
5,85770
0,85771
5,85772
5,85773
5,85774
5,85776
0,85777
5,85778
5,85779
5,85780
5,85781
5,85782
5,85783
5,85784
5,85785
5,85787
5,85788
4,85789
4,85790
5,85791
5,85792
5,85793
5,85794
5,85795
5,85797
5,85798
1,85799
0,85800
5,85801
5,85804
5,85806
5,85807
5,85808
5,85809
5,85810
1,85811
5,85812
5,85813
5,85814
5,85815
5,85816
5,85817
5,85818
5,85819
5,85820
1,85821
5,85822
1,85823
5,85824
5,85825
5,85826
5,85827
5,85828
5,85829
5,85830
5,85831
0,85832
5,85833
0,85834
5,85835
5,85836
5,85837
5,85838
5,85839
5,85840
5,85841
5,85842
5,85843
5,85844
0,85846
5,85848
5,85850
5,85851
5,85852
5,85853
5,85854
5,85855
5,85856
0,85857
1,85858
5,85859
5,85860
5,85862
5,85863
5,85864
5,85865
5,85866
5,85867
5,85868
5,85870
0,85871
5,85872
5,85873
5,85874
5,85875
5,85878
5,85880
5,85881
5,85882
5,85883
5,85884
5,85885
5,85887
5,85888
5,85889
5,85890
5,85891
5,85893
5,85894
5,85895
5,85896
5,85897
5,85898
5,85899
5,85902
5,85903
5,85904
5,85905
5,85906
5,85909
5,85910
5,85911
5,85912
1,85913
5,85914
5,85915
5,85916
5,85917
5,85918
2,85919
5,85920
5,85923
1,85924
1,85925
5,85926
5,85927
5,85928
5,85929
5,85931
5,85932
5,85933
1,85934
5,85935
5,85936
5,85937
5,85938
5,85939
5,85940
5,85941
1,85943
5,85947
5,85948
5,85949
5,85950
5,85951
1,85953
5,85954
5,85956
5,85957
5,85958
5,85959
5,85960
5,85961
1,85962
5,85963
5,85964
5,85965
5,85966
5,85967
5,85968
5,85969
5,85970
5,85971
5,85972
5,85973
5,85974
5,85976
5,85977
5,85979
5,85981
5,85982
5,85983
5,85984
5,85985
1,85986
5,85987
5,85988
0,85989
5,85990
5,85991
1,85992
5,85994
5,85997
5,85998
5,85999
5,86000
5,86001
5,86002
5,86003
5,86005
5,86006
5,86007
5,86008
5,86009
5,86010
5,86011
1,86012
5,86013
5,86014
5,86015
5,86016
5,86017
5,86018
5,86019
5,86020
5,86021
5,86022
1,86023
5,86024
5,86025
5,86026
5,86027
5,86030
0,86031
5,86033
5,86036
5,86037
0,86038
5,86039
5,86040
5,86041
0,86042
5,86043
5,86045
5,86046
5,86048
5,86049
5,86051
5,86052
5,86053
5,86054
5,86055
5,86057
0,86059
5,86060
5,86063
5,86064
0,86065
5,86066
1,86067
5,86069
5,86070
5,86071
5,86072
5,86075
5,86076
0,86077
5,86078
5,86079
5,86080
5,86081
5,86082
5,86083
5,86084
5,86085
0,86087
5,86089
5,86090
5,86091
5,86092
5,86094
5,86095
5,86096
5,86097
5,86098
5,86099
5,86100
5,86101
5,86102
5,86104
5,86105
5,86106
5,86108
5,86109
1,86110
5,86112
5,86113
5,86114
5,86115
5,86117
5,86118
5,86120
5,86121
5,86122
5,86123
5,86124
5,86125
5,86126
5,86127
5,86128
5,86130
5,86131
5,86133
1,86134
5,86135
5,86136
5,86137
5,86138
5,86139
5,86140
5,86141
5,86142
5,86143
5,86144
5,86145
5,86146
1,86148
5,86149
5,86150
5,86151
5,86152
1,86153
5,86154
5,86155
0,86156
5,86157
5,86158
5,86159
5,86160
0,86161
5,86162
5,86164
5,86165
5,86166
5,86169
5,86170
5,86171
5,86172
5,86173
5,86174
5,86175
5,86176
5,86177
5,86178
5,86179
5,86180
5,86181
5,86182
5,86183
1,86184
5,86185
5,86186
5,86187
5,86189
5,86190
1,86191
5,86192
5,86193
5,86194
5,86195
5,86196
5,86197
5,86198
5,86199
5,86200
5,86201
5,86202
5,86203
5,86204
1,86205
5,86206
5,86207
2,86208
1,86209
5,86210
5,86211
5,86212
5,86213
5,86214
5,86215
5,86218
5,86219
5,86220
5,86221
5,86222
5,86223
5,86225
5,86226
5,86227
5,86228
5,86229
5,86230
5,86231
5,86234
5,86236
5,86238
5,86239
5,86240
5,86241
5,86242
5,86244
5,86245
5,86246
5,86247
5,90016
5,90099
5,90174
5,90251
5,90265
5,90384
5,90406
5,90429
5,90445
5,90451
5,90509
5,90692
5,90694
5,90708
3,90742
5,90751
5,90790
2,90792
5,90852
4,90866
3,90876
5,90882
5,90944
5,90949
5,91837
5,91857
4,91863
0,91876
0,91883
5,91884
5,91891
5,91893
5,91901
0,91905
5,97101
5,97143
5,97148
0,98018
5,98022
5,98024
5,98026
0,98027
5,98156
5,98317
5,98406
